Ticker,Company Name,CIQ Company ID,CIQ Company Name,GICS,Sector,GICS Descriptor,Start date,End Date
AAN,AARONS INC,681042236,"The Aaron's Company, Inc.",25504060,,Homefurnishing Retail,12/2/2020,NULL
ABM,A B M INDUSTRIES INC,250079,ABM Industries Incorporated,20201050,,Environmental & Facilities Services,5/2/2005,NULL
ABT,ABBOTT LABORATORIES,247483,Abbott Laboratories,35101010,,Health Care Equipment,1/2/2013,NULL
ADBE,ADOBE INC,24321,Adobe Inc.,45103010,,Application Software,12/6/2005,NULL
ADI,ANALOG DEVICES INC,251411,"Analog Devices, Inc.",45301020,,Semiconductors,5/1/2003,NULL
ADM,ARCHER DANIELS MIDLAND CO,251704,Archer-Daniels-Midland Company,30202010,,Agricultural Products,1/16/1997,NULL
ADP,AUTOMATIC DATA PROCESSING INC,126269,"Automatic Data Processing, Inc.",45102020,,Data Processing & Outsourced Services,5/1/2003,NULL
AE,ADAMS RESOURCES & ENERGY INC,247978,"Adams Resources & Energy, Inc.",10102030,,Oil & Gas Refining & Marketing,11/30/2007,NULL
AEGN,AEGION CORP,280123,Aegion Corporation,20103010,,Construction & Engineering,9/4/2001,5/18/2021
AIN,ALBANY INTERNATIONAL CORP NEW,248608,Albany International Corp.,20106020,,Industrial Machinery,12/31/1986,NULL
AIT,APPLIED INDUSTRIAL TECHS INC,254679,"Applied Industrial Technologies, Inc.",20107010,,Trading Companies & Distributors,10/1/2002,NULL
ALCO,ALICO INC,248533,"Alico, Inc.",30202010,,Agricultural Products,8/31/1985,NULL
ALOG,ANALOGIC CORP,250788,Analogic Corporation,35101010,,Health Care Equipment,5/1/2003,6/26/2018
ALOT,ASTRONOVA INC,251995,"AstroNova, Inc.",45202030,,"Technology Hardware, Storage & Peripherals",3/1/2014,NULL
AMAT,APPLIED MATERIALS INC,251230,"Applied Materials, Inc.",45301010,,Semiconductor Equipment,5/1/2003,NULL
AMD,ADVANCED MICRO DEVICES INC,168864,"Advanced Micro Devices, Inc.",45301020,,Semiconductors,5/1/2003,NULL
AME,AMETEK INC NEW,31860,"AMETEK, Inc.",20104010,Industrials,Electrical Components & Equipment,12/31/1985,NULL
AMGN,AMGEN INC,24816,Amgen Inc.,35201010,,Biotechnology,3/31/1986,NULL
AMOT,ALLIED MOTION TECHNOLOGIES INC,177779,Allied Motion Technologies Inc.,20104010,,Electrical Components & Equipment,4/30/2008,NULL
AMWD,AMERICAN WOODMARK CORP,250549,American Woodmark Corporation,20102010,,Building Products,4/30/1986,NULL
AON,AON PLC NEW,119853,Aon plc,40301010,,Insurance Brokers,6/28/1996,NULL
AOS,SMITH A O CORP,997111,A. O. Smith Corporation,20102010,,Building Products,6/1/2010,NULL
APA,APACHE CORP,169838,APA Corporation,10102020,,Oil & Gas Exploration & Production,12/31/1985,NULL
APC,ANADARKO PETROLEUM CORP,251349,Anadarko Petroleum Corporation,10102020,,Oil & Gas Exploration & Production,12/31/1985,8/8/2019
APD,AIR PRODUCTS & CHEMICALS INC,248356,"Air Products and Chemicals, Inc.",15101040,,Industrial Gases,6/15/1985,NULL
APOG,APOGEE ENTERPRISES INC,251050,"Apogee Enterprises, Inc.",20102010,,Building Products,2/28/1986,NULL
ARG,AIRGAS INC,24504,"Airgas, Inc.",15101040,,Industrial Gases,3/31/1986,5/23/2016
ARKR,ARK RESTAURANTS CORP,251829,Ark Restaurants Corp.,25301040,,Restaurants,9/30/1985,NULL
ASEI,AMERICAN SCIENCE & ENGR INC,250710,"American Science and Engineering, Inc.",20101010,,Aerospace & Defense,6/29/2007,9/13/2016
ASH,ASHLAND GLOBAL HOLDINGS INC,252339,Ashland Global Holdings Inc.,15101050,,Specialty Chemicals,2/1/2012,NULL
ASNA,ASCENA RETAIL GROUP INC,267344,"Mahwah Bergen Retail Group, Inc.",25504010,,Apparel Retail,7/31/1985,NULL
ASTE,ASTEC INDUSTRIES INC,251951,"Astec Industries, Inc.",20106010,,Construction Machinery & Heavy Trucks,6/30/2000,NULL
ATRI,ATRION CORP,168945,Atrion Corporation,35101020,,Health Care Supplies,12/31/1997,NULL
ATW,ATWOOD OCEANICS INC,252257,"Atwood Oceanics, Inc.",10101010,,Oil & Gas Drilling,9/30/1985,11/15/2017
AVD,AMERICAN VANGUARD CORP,250532,American Vanguard Corporation,15101030,,Fertilizers & Agricultural Chemicals,7/31/1985,NULL
AVHI,A V HOMES INC,252551,"AV Homes, Inc.",25201030,,Homebuilding,2/1/2017,10/3/2018
AVP,AVON PRODUCTS INC,763825,Avcorp Industries Inc.,20101010,,Aerospace & Defense,9/30/1992,NULL
AVT,AVNET INC,253018,"Avnet, Inc.",45203030,,Technology Distributors,5/1/2003,NULL
AVY,AVERY DENNISON CORP,252978,Avery Dennison Corporation,15103020,,Paper Packaging,8/1/2013,NULL
AXE,ANIXTER INTERNATIONAL INC,281893,Anixter International Inc.,45203030,,Technology Distributors,5/1/2003,6/22/2020
AXLL,AXIALL CORP,177251,Axiall Corporation,15101010,,Commodity Chemicals,12/31/1985,8/31/2016
AZZ,A Z Z INC,252588,AZZ Inc.,20104020,,Heavy Electrical Equipment,2/29/1992,NULL
B,BARNES GROUP INC,254193,Barnes Group Inc.,20106020,,Industrial Machinery,12/31/1993,NULL
BA,BOEING CO,370857,The Boeing Company,20101010,,Aerospace & Defense,6/15/1985,NULL
BAX,BAXTER INTERNATIONAL INC,254571,Baxter International Inc.,35101010,,Health Care Equipment,6/15/1985,NULL
BC,BRUNSWICK CORP,171649,Brunswick Corporation,25202010,,Leisure Products,6/15/1985,NULL
BCPC,BALCHEM CORP,253076,Balchem Corporation,15101050,,Specialty Chemicals,12/31/2001,NULL
BCR,BARD C R INC,254131,"C. R. Bard, Inc.",35101010,,Health Care Equipment,6/15/1985,12/29/2017
BDX,BECTON DICKINSON & CO,103678,"Becton, Dickinson and Company",35101010,,Health Care Equipment,6/15/1985,NULL
BGG,BRIGGS & STRATTON CORP,256523,Briggs & Stratton Corporation,20106020,,Industrial Machinery,6/15/1985,NULL
BIG,BIG LOTS INC,26949,"Big Lots, Inc.",25503020,,General Merchandise Stores,1/31/1986,NULL
BLL,BALL CORP,170352,Ball Corporation,15103010,,Metal & Glass Containers,6/15/1985,NULL
BMI,BADGER METER INC,253478,"Badger Meter, Inc.",45203010,,Electronic Equipment & Instruments,11/1/2011,NULL
BMS,BEMIS CO INC,255132,Amcor Flexibles North America Inc.,15103020,,Paper Packaging,12/31/1985,6/11/2019
BMY,BRISTOL MYERS SQUIBB CO,25798,Bristol-Myers Squibb Company,35202010,,Pharmaceuticals,6/15/1985,NULL
BOBE,BOB EVANS FARMS INC,255524,"Bob Evans Farms, Inc.",30202030,,Packaged Foods & Meats,10/1/2017,1/16/2018
BOOM,D M C GLOBAL INC,34668,DMC Global Inc.,10101020,,Oil & Gas Equipment & Services,4/1/2019,NULL
BRC,BRADY CORP,171296,Brady Corporation,20201010,,Commercial Printing,5/1/2014,NULL
CA,C A INC,262913,"CA, Inc.",45103020,,Systems Software,3/31/1986,11/6/2018
CAG,CONAGRA BRANDS INC,26893,"Conagra Brands, Inc.",30202030,,Packaged Foods & Meats,6/15/1985,NULL
CAH,CARDINAL HEALTH INC,172207,"Cardinal Health, Inc.",35102010,,Health Care Distributors,3/31/1986,NULL
CAL,CALERES INC,256893,"Caleres, Inc.",25504010,,Apparel Retail,3/1/2007,NULL
CASY,CASEYS GENERAL STORES INC,258629,"Casey's General Stores, Inc.",30101030,,Food Retail,4/30/1986,NULL
CAT,CATERPILLAR INC,259378,Caterpillar Inc.,20106010,,Construction Machinery & Heavy Trucks,6/15/1985,NULL
CATO,CATO CORP NEW,258697,The Cato Corporation,25504010,,Apparel Retail,1/31/1986,NULL
CBB,CINCINNATI BELL INC NEW,168151,Cincinnati Bell Inc.,50101020,,Integrated Telecommunication Services,12/31/1985,9/7/2021
CBM,CAMBREX CORP,258332,Cambrex Corporation,35203010,,Life Sciences Tools & Services,5/1/2006,12/4/2019
CBRL,CRACKER BARREL OLD COUNTRY STORE,264897,"Cracker Barrel Old Country Store, Inc.",25301040,,Restaurants,7/31/1985,NULL
CCF,CHASE CORP,172593,Chase Corporation,15101050,Materials,Specialty Chemicals,5/31/2010,NULL
CDNS,CADENCE DESIGN SYSTEMS INC,25941,"Cadence Design Systems, Inc.",45103010,,Application Software,12/31/1986,NULL
CELG,CELGENE CORP,258769,Celgene Corporation,35201010,,Biotechnology,12/31/1986,11/21/2019
CERN,CERNER CORP,259627,Cerner Corporation,35103010,,Health Care Technology,5/1/2006,NULL
CHD,CHURCH & DWIGHT INC,261105,"Church & Dwight Co., Inc.",30301010,,Household Products,12/31/1985,NULL
CHDN,CHURCHILL DOWNS INC,260619,Churchill Downs Incorporated,25301010,Consumer Discretionary,Casinos & Gaming,1/31/1986,NULL
CHE,CHEMED CORP NEW,260583,Chemed Corporation,35102015,,Health Care Services,4/1/2004,NULL
CL,COLGATE PALMOLIVE CO,262247,Colgate-Palmolive Company,30301010,,Household Products,6/15/1985,NULL
CLC,CLARCOR INC,261326,CLARCOR Inc.,20106020,,Industrial Machinery,11/30/1985,2/28/2017
CLH,CLEAN HARBORS INC,26565,"Clean Harbors, Inc.",20201050,,Environmental & Facilities Services,2/28/1987,NULL
CLX,CLOROX CO,89450,The Clorox Company,30301010,,Household Products,6/15/1985,NULL
CMTL,COMTECH TELECOMMUNICATIONS CORP,262961,Comtech Telecommunications Corp.,45201020,,Communications Equipment,7/31/1985,NULL
CNMD,CONMED CORP,263232,CONMED Corporation,35101010,,Health Care Equipment,12/31/1986,NULL
COG,CABOT OIL & GAS CORP,258181,Coterra Energy Inc.,10102020,,Oil & Gas Exploration & Production,9/30/1989,NULL
COHU,COHU INC,262125,"Cohu, Inc.",45301010,,Semiconductor Equipment,5/1/2003,NULL
COP,CONOCOPHILLIPS,296527,ConocoPhillips,10102020,,Oil & Gas Exploration & Production,5/1/2012,NULL
CRS,CARPENTER TECHNOLOGY CORP,258937,Carpenter Technology Corporation,15104050,,Steel,6/30/1985,NULL
CRUS,CIRRUS LOGIC INC,26515,"Cirrus Logic, Inc.",45301020,,Semiconductors,5/1/2003,NULL
CSCO,CISCO SYSTEMS INC,19691,"Cisco Systems, Inc.",45201020,,Communications Equipment,5/1/2003,NULL
CSH,CASH AMERICA INTERNATIONAL INC,883098,CENIT Aktiengesellschaft,45103010,,Application Software,6/30/1999,NULL
CSL,CARLISLE COMPANIES,258791,Carlisle Companies Incorporated,20102010,,Building Products,8/1/2021,NULL
CSX,C S X CORP,257948,CSX Corporation,20304010,,Railroads,6/15/1985,NULL
CTAS,CINTAS CORP,260725,Cintas Corporation,20201070,,Diversified Support Services,9/2/2008,NULL
CTB,COOPER TIRE & RUBBER CO,263686,Cooper Tire & Rubber Company,25101020,,Tires & Rubber,12/31/1985,6/7/2021
CTS,C T S CORP,386024,Cognizant Technology Solutions Corporation,45102010,,IT Consulting & Other Services,12/31/1996,NULL
CTWS,CONNECTICUT WATER SERVICE INC,263264,"Connecticut Water Service, Inc.",55104010,Utilities,Water Utilities,12/31/1985,10/10/2019
CUB,CUBIC CORP,265154,Cubic Corporation,20101010,,Aerospace & Defense,9/30/1985,5/25/2021
CVX,CHEVRON CORP NEW,98506,Chevron Corporation,10102010,,Integrated Oil & Gas,6/15/1985,NULL
CW,CURTISS WRIGHT CORP,265386,Curtiss-Wright Corporation,20101010,,Aerospace & Defense,12/31/1985,NULL
CWT,CALIFORNIA WATER SERVICE GROUP,257568,California Water Service Group,55104010,Utilities,Water Utilities,12/31/1985,NULL
CY,CYPRESS SEMICONDUCTOR CORP,27307,Cypress Semiconductor Corporation,45301020,,Semiconductors,5/1/2003,4/17/2020
DBD,DIEBOLD NIXDORF INC,266767,"Diebold Nixdorf, Incorporated",45202030,,"Technology Hardware, Storage & Peripherals",3/3/2014,NULL
DDS,DILLARDS INC,266847,"Dillard's, Inc.",25503010,,Department Stores,1/31/1986,NULL
DE,DEERE & CO,266112,Deere & Company,20106015,,Agricultural & Farm Machinery,3/3/2014,NULL
DHR,DANAHER CORP,265621,Danaher Corporation,35203010,,Life Sciences Tools & Services,11/1/2021,NULL
DLX,DELUXE CORP,266430,Deluxe Corporation,20201010,,Commercial Printing,4/1/2005,NULL
DOV,DOVER CORP,174901,Dover Corporation,20106020,,Industrial Machinery,10/1/1985,NULL
DOW,DOW CHEMICAL CO,327097967,The Dow Chemical Company,15101050,Materials,Specialty Chemicals,-,-
DXYN,DIXIE GROUP INC,266937,"The Dixie Group, Inc.",25201020,,Home Furnishings,10/1/1994,NULL
DY,DYCOM INDUSTRIES INC,268141,"Dycom Industries, Inc.",20103010,,Construction & Engineering,6/2/2008,NULL
EA,ELECTRONIC ARTS INC,27963,Electronic Arts Inc.,50202020,,Interactive Home Entertainment,10/1/2018,NULL
EAT,BRINKER INTERNATIONAL INC,260858,"Brinker International, Inc.",25301040,,Restaurants,6/30/1985,NULL
ECOL,U S ECOLOGY INC NEW,249726,"US Ecology, Inc.",20201050,,Environmental & Facilities Services,12/31/1985,NULL
EFX,EQUIFAX INC,175749,Equifax Inc.,20202020,,Research & Consulting Services,9/2/2008,NULL
EMC,E M C CORP MA,108715889,DELL EMC,45202030,,"Technology Hardware, Storage & Peripherals",3/1/2014,9/7/2016
EMR,EMERSON ELECTRIC CO,269231,Emerson Electric Co.,20104010,,Electrical Components & Equipment,6/15/1985,NULL
EOG,EOG RESOURCES INC,269660,"EOG Resources, Inc.",10102020,,Oil & Gas Exploration & Production,12/31/1989,NULL
ESIO,ELECTRO SCIENTIFIC INDS INC,268713,"Electro Scientific Industries, Inc.",45203010,,Electronic Equipment & Instruments,7/1/2002,2/7/2019
ESL,ESTERLINE TECHNOLOGIES CORP,270315,Esterline Technologies Corporation,20101010,,Aerospace & Defense,10/1/2002,3/14/2019
ESND,ESSENDANT INC,36012,Essendant Inc.,20201060,,Office Services & Supplies,12/31/1998,2/1/2019
ETN,EATON CORP PLC,175265,Eaton Corporation plc,20104010,,Electrical Components & Equipment,12/3/2012,NULL
EXPD,EXPEDITORS INTERNATIONAL WA INC,270071,"Expeditors International of Washington, Inc.",20301010,,Air Freight & Logistics,12/31/1985,NULL
FAST,FASTENAL COMPANY,270747,Fastenal Company,20107010,,Trading Companies & Distributors,12/1/1995,NULL
FDX,FEDEX CORP,124423,FedEx Corporation,20301010,,Air Freight & Logistics,6/15/1985,NULL
FELE,FRANKLIN ELECTRIC INC,273729,"Franklin Electric Co., Inc.",20106020,,Industrial Machinery,5/1/2016,NULL
FISV,FISERV INC,128209,"Fiserv, Inc.",45102020,,Data Processing & Outsourced Services,5/1/2003,NULL
FL,FOOT LOCKER INC,315394,"Foot Locker, Inc.",25504010,,Apparel Retail,7/31/2003,NULL
FLS,FLOWSERVE CORP,267555,Flowserve Corporation,20106020,,Industrial Machinery,12/31/1985,NULL
FLXS,FLEXSTEEL INDUSTRIES INC,273056,"Flexsteel Industries, Inc.",25201020,,Home Furnishings,6/30/1985,NULL
FMC,F M C CORP,28606,FMC Corporation,15101030,,Fertilizers & Agricultural Chemicals,8/1/2015,NULL
FOE,FERRO CORP,176102,Ferro Corporation,15101050,,Specialty Chemicals,12/31/1985,NULL
FUL,FULLER H B CO,273981,H.B. Fuller Company,15101050,,Specialty Chemicals,11/30/1985,NULL
GD,GENERAL DYNAMICS CORP,274561,General Dynamics Corporation,20101010,,Aerospace & Defense,6/15/1985,NULL
GEF,GREIF INC,377361,"Greif, Inc.",15103010,Materials,Metal & Glass Containers,10/31/1985,NULL
GGG,GRACO INC,29113,Graco Inc.,20106020,,Industrial Machinery,12/31/1985,NULL
GHC,GRAHAM HOLDINGS CO,91675,Graham Holdings Company,25302010,,Education Services,1/2/2014,NULL
GHM,GRAHAM CORP,177455,Graham Corporation,20106020,,Industrial Machinery,12/31/1985,NULL
GIII,G III APPAREL GROUP INC,274166,"G-III Apparel Group, Ltd.",25203010,,"Apparel, Accessories & Luxury Goods",7/31/1989,NULL
GIS,GENERAL MILLS INC,274715,"General Mills, Inc.",30202030,,Packaged Foods & Meats,6/15/1985,NULL
GNCMA,G C I LIBERTY INC,215858913,"GCI Liberty, Inc.",50101010,,Alternative Carriers,7/1/2019,12/21/2020
GNTX,GENTEX CORP,274926,Gentex Corporation,25101010,,Auto Parts & Equipment,12/31/1985,NULL
GPC,GENUINE PARTS CO,275034,Genuine Parts Company,25501010,,Distributors,11/1/2002,NULL
GPS,GAP INC,274265,"The Gap, Inc.",25504010,,Apparel Retail,6/6/1990,NULL
GPX,G P STRATEGIES CORP,53312016,Gasporox AB (publ),45203010,,Electronic Equipment & Instruments,6/1/2017,NULL
GRC,GORMAN RUPP CO,275858,The Gorman-Rupp Company,20106020,,Industrial Machinery,12/31/1985,NULL
GWW,GRAINGER W W INC,276060,"W.W. Grainger, Inc.",20107010,,Trading Companies & Distributors,6/28/1996,NULL
HAR,HARMAN INTL INDS INC NEW,410154,Harmony Gold Mining Company Limited,15104030,,Gold,6/30/1995,NULL
HAS,HASBRO INC,277746,"Hasbro, Inc.",25202010,,Leisure Products,6/15/1985,NULL
HD,HOME DEPOT INC,278679,"The Home Depot, Inc.",25504030,,Home Improvement Retail,1/31/1986,NULL
HELE,HELEN OF TROY LTD,277500,Helen of Troy Limited,25201040,,Household Appliances,2/28/1986,NULL
HES,HESS CORP,249841,Hess Corporation,10102020,,Oil & Gas Exploration & Production,4/1/2015,NULL
HFC,HOLLYFRONTIER CORP,178254,HollyFrontier Corporation,10102030,,Oil & Gas Refining & Marketing,7/31/1985,NULL
HL,HECLA MINING CO,278111,Hecla Mining Company,15104045,,Silver,3/1/2014,NULL
HNGR,HANGER INC,29272,"Hanger, Inc.",35102020,,Health Care Facilities,5/24/1999,NULL
HOLX,HOLOGIC INC,108544,"Hologic, Inc.",35101010,,Health Care Equipment,9/30/1989,NULL
HON,HONEYWELL INTERNATIONAL INC,1340740,Honeywell International Inc.,20105010,,Industrial Conglomerates,9/1/2016,NULL
HP,HELMERICH & PAYNE INC,278341,"Helmerich & Payne, Inc.",10101010,,Oil & Gas Drilling,9/30/1985,NULL
HPQ,H P INC,108856,HP Inc.,45202030,,"Technology Hardware, Storage & Peripherals",3/3/2014,NULL
HRB,BLOCK H & R INC,276601,"H&R Block, Inc.",25302020,,Specialized Consumer Services,5/2/2005,NULL
HRL,HORMEL FOODS CORP,279042,Hormel Foods Corporation,30202030,,Packaged Foods & Meats,10/31/1985,NULL
HSC,HARSCO CORP,277575,Harsco Corporation,20201050,,Environmental & Facilities Services,1/1/2020,NULL
HSY,HERSHEY CO,98873,The Hershey Company,30202030,,Packaged Foods & Meats,6/15/1985,NULL
HTLD,HEARTLAND EXPRESS INC,277383,"Heartland Express, Inc.",20304020,,Trucking,12/31/1985,NULL
HWKN,HAWKINS INC,277171,"Hawkins, Inc.",15101010,,Commodity Chemicals,9/30/1985,NULL
HWM,HOWMET AEROSPACE INC,416264458,Howmet Aerospace Inc.,20101010,,Aerospace & Defense,11/1/2016,NULL
IBM,INTERNATIONAL BUSINESS MACHS COR,112350,International Business Machines Corporation,45102010,,IT Consulting & Other Services,5/3/2010,NULL
IDTI,INTEGRATED DEVICE TECHNOLOGY,518807,Renesas Electronics America Inc.,45301020,,Semiconductors,5/1/2003,4/1/2019
IEP,ICAHN ENTERPRISES L P,250592,Icahn Enterprises L.P.,20105010,,Industrial Conglomerates,11/5/2014,NULL
IEX,IDEX CORP,29728,IDEX Corporation,20106020,,Industrial Machinery,12/31/1988,NULL
IFF,INTERNATIONAL FLAVORS & FRAG INC,281407,International Flavors & Fragrances Inc.,15101050,,Specialty Chemicals,6/28/1996,NULL
IIVI,II VI INC,309779,II-VI Incorporated,45203015,,Electronic Components,4/1/2014,NULL
INTC,INTEL CORP,21127,Intel Corporation,45301020,,Semiconductors,5/1/2003,NULL
IP,INTERNATIONAL PAPER CO,61036,International Paper Company,15103020,,Paper Packaging,1/1/2016,NULL
ITT,I T T INC,280322,ITT Inc.,20106020,,Industrial Machinery,11/1/2011,NULL
ITW,ILLINOIS TOOL WORKS INC,280561,Illinois Tool Works Inc.,20106020,,Industrial Machinery,12/31/1985,NULL
J,JACOBS ENGINEERING GROUP INC,282159,Jacobs Engineering Group Inc.,20202020,,Research & Consulting Services,3/1/2021,NULL
JBHT,HUNT J B TRANSPORT SERVICES INC,278576,"J.B. Hunt Transport Services, Inc.",20304020,,Trucking,10/1/2004,NULL
JCI,JOHNSON CONTROLS INTL PLC,282590,Johnson Controls International plc,20102010,,Building Products,10/28/2016,NULL
JJSF,J & J SNACK FOODS CORP,281651,J & J Snack Foods Corp.,30202030,,Packaged Foods & Meats,9/30/1985,NULL
JKHY,HENRY JACK & ASSOC INC,277617,"Jack Henry & Associates, Inc.",45102020,,Data Processing & Outsourced Services,12/1/2010,NULL
JNJ,JOHNSON & JOHNSON,139677,Johnson & Johnson,35202010,,Pharmaceuticals,6/15/1985,NULL
JOUT,JOHNSON OUTDOORS INC,282032,Johnson Outdoors Inc.,25202010,,Leisure Products,6/30/1986,NULL
JWN,NORDSTROM INC,32215,"Nordstrom, Inc.",25503010,,Department Stores,1/7/1987,NULL
K,KELLOGG CO,283356,Kellogg Company,30202030,,Packaged Foods & Meats,6/15/1985,NULL
KAMN,KAMAN CORP,282415,Kaman Corporation,20101010,,Aerospace & Defense,7/1/2020,NULL
KBH,K B HOME,283234,KB Home,25201030,,Homebuilding,11/30/1985,NULL
KLAC,K L A CORP,282225,KLA Corporation,45301010,,Semiconductor Equipment,5/1/2003,NULL
KLIC,KULICKE & SOFFA INDS INC,283588,"Kulicke and Soffa Industries, Inc.",45301010,,Semiconductor Equipment,5/1/2003,NULL
KMB,KIMBERLY CLARK CORP,283857,Kimberly-Clark Corporation,30301010,,Household Products,12/7/1994,NULL
KMT,KENNAMETAL INC,283484,Kennametal Inc.,20106020,,Industrial Machinery,6/30/1985,NULL
KO,COCA COLA CO,26642,The Coca-Cola Company,30201030,,Soft Drinks,6/15/1985,NULL
KR,KROGER COMPANY,284342,The Kroger Co.,30101030,,Food Retail,6/15/1985,NULL
KSU,KANSAS CITY SOUTHERN,30472,Kansas City Southern,20304010,,Railroads,12/31/1985,NULL
LABL,MULTI COLOR CORP,289484,Multi-Color Corporation,20201010,,Commercial Printing,3/31/1987,7/2/2019
LB,L BRANDS INC,873904,Laurentian Bank of Canada,40101010,,Diversified Banks,2/1/2020,NULL
LCII,L C I INDUSTRIES,267368,LCI Industries,25101010,Consumer Discretionary,Auto Parts & Equipment,12/31/1994,NULL
LDL,LYDALL INC,20354344,Groupe LDLC société anonyme,25502020,,Internet & Direct Marketing Retail,8/31/2005,NULL
LDR,LANDAUER INC,711292079,Lode Resources Ltd,15104020,,Diversified Metals & Mining,4/29/2021,NULL
LEG,LEGGETT & PLATT INC,30760,"Leggett & Platt, Incorporated",25201020,,Home Furnishings,12/31/1985,NULL
LEN,LENNAR CORP,30763,Lennar Corporation,25201030,,Homebuilding,11/30/1985,NULL
LLTC,LINEAR TECHNOLOGY CORP,30843,Linear Technology Corporation,45301020,,Semiconductors,5/1/2003,3/13/2017
LLY,LILLY ELI & CO,285467,Eli Lilly and Company,35202010,,Pharmaceuticals,6/15/1985,NULL
LMT,LOCKHEED MARTIN CORP,285827,Lockheed Martin Corporation,20101010,,Aerospace & Defense,6/15/1985,NULL
LNCE,SNYDERS LANCE INC,180017,"Snyder's-Lance, Inc.",30202030,,Packaged Foods & Meats,12/31/1985,3/27/2018
LNN,LINDSAY CORP,285016,Lindsay Corporation,20106015,,Agricultural & Farm Machinery,3/3/2014,NULL
LOW,LOWES COMPANIES INC,180871,"Lowe's Companies, Inc.",25504030,,Home Improvement Retail,6/15/1985,NULL
LRCX,LAM RESH CORP,30655,Lam Research Corporation,45301010,,Semiconductor Equipment,5/1/2003,NULL
LUMN,CENTURYLINK INC,260149,"Lumen Technologies, Inc.",50101010,,Alternative Carriers,10/12/2017,NULL
LUV,SOUTHWEST AIRLINES CO,31726,Southwest Airlines Co.,20302010,,Airlines,12/31/1985,NULL
MAS,MASCO CORP,181478,Masco Corporation,20102010,,Building Products,6/15/1985,NULL
MAT,MATTEL INC,31197,"Mattel, Inc.",25202010,,Leisure Products,6/15/1985,NULL
MATX,MATSON INC,248450,"Matson, Inc.",20303010,,Marine,12/31/1985,NULL
MCD,MCDONALDS CORP,139488,McDonald's Corporation,25301040,,Restaurants,6/15/1985,NULL
MCS,MARCUS CORP,180950,The Marcus Corporation,50202010,,Movies & Entertainment,10/1/2018,NULL
MDC,M D C HOLDINGS INC,181003,"M.D.C. Holdings, Inc.",25201030,,Homebuilding,12/31/1985,NULL
MENT,MENTOR GRAPHICS CORP,31380,Mentor Graphics Corporation,45103010,,Application Software,12/31/1985,3/31/2017
MERC,MERCER INTERNATIONAL INC,251849,Mercer International Inc.,15105020,,Paper Products,12/31/1993,NULL
MKC,MCCORMICK & CO INC,181176,"McCormick & Company, Incorporated",30202030,,Packaged Foods & Meats,11/30/1985,NULL
MLHR,MILLER HERMAN INC,31089912,Miller Herman Workplace Resource,20201060,,Office Services & Supplies,5/31/1986,NULL
MMM,3M CO,289194,3M Company,20105010,,Industrial Conglomerates,6/15/1985,NULL
MO,ALTRIA GROUP INC,296308,"Altria Group, Inc.",30203010,,Tobacco,6/15/1985,NULL
MOD,MODINE MANUFACTURING CO,288838,Modine Manufacturing Company,25101010,,Auto Parts & Equipment,3/31/1986,NULL
MRK,MERCK & CO INC NEW,288502,"Merck & Co., Inc.",35202010,,Pharmaceuticals,6/15/1985,NULL
MSEX,MIDDLESEX WATER CO,288070,Middlesex Water Company,55104010,Utilities,Water Utilities,12/31/1985,NULL
MSI,MOTOROLA SOLUTIONS INC,99186,"Motorola Solutions, Inc.",45201020,,Communications Equipment,6/28/1996,NULL
MTRN,MATERION CORP,256977,Materion Corporation,15104020,,Diversified Metals & Mining,12/31/1985,NULL
MTSC,M T S SYSTEMS CORP,137411,MTS Systems Corporation,45203010,,Electronic Equipment & Instruments,9/30/1985,4/8/2021
MTW,MANITOWOC CO INC,286163,"The Manitowoc Company, Inc.",20106010,,Construction Machinery & Heavy Trucks,5/2/2005,NULL
MUR,MURPHY OIL CORP,290060,Murphy Oil Corporation,10102020,,Oil & Gas Exploration & Production,9/3/2013,NULL
MYE,MYERS INDUSTRIES INC,290177,"Myers Industries, Inc.",15103010,,Metal & Glass Containers,12/31/1987,NULL
MYL,MYLAN N V,38011370,Mallee Resources Limited,15104020,,Diversified Metals & Mining,10/29/2015,NULL
NBL,NOBLE ENERGY INC,20357102,National Bank Limited,40101010,,Diversified Banks,10/10/2005,NULL
NEM,NEWMONT CORP,291795,Newmont Corporation,15104030,,Gold,5/20/1987,NULL
NEOG,NEOGEN CORP,339683,Neogen Corporation,35101020,,Health Care Supplies,5/31/2005,NULL
NEWP,NEWPORT CORP,95164,Newport Corp.,45203010,,Electronic Equipment & Instruments,7/31/1985,5/3/2016
NKE,NIKE INC,291981,"NIKE, Inc.",25203020,,Footwear,5/31/1986,NULL
NLOK,NORTONLIFELOCK INC,35000,NortonLifeLock Inc.,45103020,,Systems Software,3/31/1989,NULL
NOC,NORTHROP GRUMMAN CORP,97199,Northrop Grumman Corporation,20101010,,Aerospace & Defense,6/15/1985,NULL
NSC,NORFOLK SOUTHERN CORP,292268,Norfolk Southern Corporation,20304010,,Railroads,6/15/1985,NULL
NUE,NUCOR CORP,184945,Nucor Corporation,15104050,,Steel,6/15/1985,NULL
NWL,NEWELL BRANDS INC,291703,Newell Brands Inc.,25201050,,Housewares & Specialties,12/31/1985,NULL
OMC,OMNICOM GROUP INC,96161,Omnicom Group Inc.,50201010,,Advertising,10/1/2018,NULL
OMI,OWENS & MINOR INC NEW,294382,"Owens & Minor, Inc.",35102010,,Health Care Distributors,12/31/1985,NULL
OSK,OSHKOSH CORP,294167,Oshkosh Corporation,20106010,,Construction Machinery & Heavy Trucks,9/30/1985,NULL
OXY,OCCIDENTAL PETROLEUM CORP,293286,Occidental Petroleum Corporation,10102010,,Integrated Oil & Gas,6/15/1985,NULL
PBI,PITNEY BOWES INC,297018,Pitney Bowes Inc.,20201060,,Office Services & Supplies,6/15/1985,NULL
PCAR,PACCAR INC,294721,PACCAR Inc,20106010,,Construction Machinery & Heavy Trucks,6/15/1985,NULL
PCP,PRECISION CASTPARTS CORP,33627,RathGibson LLC,20106020,,Industrial Machinery,6/8/2006,4/23/2014
PDCE,P D C ENERGY INC,296104,"PDC Energy, Inc.",10102020,,Oil & Gas Exploration & Production,12/31/2001,NULL
PEP,PEPSICO INC,32854,"PepsiCo, Inc.",30201030,,Soft Drinks,6/15/1985,NULL
PFE,PFIZER INC,162270,Pfizer Inc.,35202010,,Pharmaceuticals,6/15/1985,NULL
PG,PROCTER & GAMBLE CO,33328,The Procter & Gamble Company,30301010,,Household Products,6/15/1985,NULL
PII,POLARIS INC,297441,Polaris Inc.,25202010,,Leisure Products,12/31/1987,NULL
PIR,PIER 1 IMPORTS INC,5466933,The People's Insurance Company (Group) of China Limited,40301040,,Property & Casualty Insurance,12/12/2012,NULL
PKE,PARK AEROSPACE CORP,295050,Park Aerospace Corp.,20101010,,Aerospace & Defense,8/1/2019,NULL
PKI,PERKINELMER INC,268363,"PerkinElmer, Inc.",35203010,,Life Sciences Tools & Services,5/1/2006,NULL
PLXS,PLEXUS CORP,102348,Plexus Corp.,45203020,,Electronic Manufacturing Services,5/1/2003,NULL
PNR,PENTAIR PLC,295688,Pentair plc,20106020,Industrials,Industrial Machinery,6/1/1991,NULL
POWL,POWELL INDUSTRIES INC,297711,"Powell Industries, Inc.",20104010,,Electrical Components & Equipment,10/31/1985,NULL
R,RYDER SYSTEMS INC,33956,"Ryder System, Inc.",20304020,,Trucking,5/1/2006,NULL
RBC,REGAL BELOIT CORP,299702,Regal Rexnord Corporation,20104010,,Electrical Components & Equipment,7/1/2002,NULL
RDC,ROWAN COMPANIES PLC,300794,Rowan Companies Limited,10101010,,Oil & Gas Drilling,6/15/1985,4/11/2019
RES,R P C INC,188005,"RPC, Inc.",10101020,,Oil & Gas Equipment & Services,12/31/2000,NULL
RGR,STURM RUGER & CO INC,305647,"Sturm, Ruger & Company, Inc.",25202010,,Leisure Products,12/31/1985,NULL
ROST,ROSS STORES INC,33926,"Ross Stores, Inc.",25504010,,Apparel Retail,9/4/2001,NULL
RTN,RAYTHEON CO,876834,The Restaurant Group plc,25301040,,Restaurants,7/3/1989,NULL
RTX,RAYTHEON TECHNOLOGIES CORP,159230,Raytheon Technologies Corporation,20101010,,Aerospace & Defense,6/15/1985,NULL
SAFM,SANDERSON FARMS INC,301820,"Sanderson Farms, Inc.",30202030,,Packaged Foods & Meats,3/29/2002,NULL
SCL,STEPAN CO,305102,Stepan Company,15101050,Industrials,Specialty Chemicals,12/31/1985,NULL
SEE,SEALED AIR CORP NEW,382724,Sealed Air Corporation,15103020,Industrials,Paper Packaging,12/31/1985,NULL
SHW,SHERWIN WILLIAMS CO,303104,The Sherwin-Williams Company,15101050,,Specialty Chemicals,6/1/2010,NULL
SJM,SMUCKER J M CO,303591,The J. M. Smucker Company,30202030,,Packaged Foods & Meats,4/30/1986,NULL
SKYW,SKYWEST INC,303803,"SkyWest, Inc.",20302010,,Airlines,3/31/1986,NULL
SLB,SCHLUMBERGER LTD,301966,Schlumberger Limited,10101020,,Oil & Gas Equipment & Services,6/15/1985,NULL
SMP,STANDARD MOTOR PRODUCTS INC,304714,"Standard Motor Products, Inc.",25101010,,Auto Parts & Equipment,12/31/1985,NULL
SNA,SNAP ON INC,303646,Snap-on Incorporated,20106020,,Industrial Machinery,10/1/2009,NULL
SPLS,STAPLES INC,34740,"Staples, Inc.",25504040,,Specialty Stores,4/30/1989,10/16/2017
SPXC,S P X CORP,274818,SPX Corporation,20106020,,Industrial Machinery,5/25/2001,NULL
STJ,ST JUDE MEDICAL INC,875419,St. James's Place plc,40203010,,Asset Management & Custody Banks,9/1/2017,NULL
SUP,SUPERIOR INDUSTRIES INTL INC,306072,"Superior Industries International, Inc.",25101010,,Auto Parts & Equipment,12/31/1985,NULL
SWK,STANLEY BLACK & DECKER INC,304977,"Stanley Black & Decker, Inc.",20106020,,Industrial Machinery,6/1/2011,NULL
SWKS,SKYWORKS SOLUTIONS INC,1462309,"Skyworks Solutions, Inc.",45301020,,Semiconductors,5/1/2003,NULL
SXI,STANDEX INTERNATIONAL CORP,304857,Standex International Corporation,20106020,,Industrial Machinery,2/1/2013,NULL
SYK,STRYKER CORP,94614,Stryker Corporation,35101010,,Health Care Equipment,12/31/1985,NULL
SYY,SYSCO CORP,189096,Sysco Corporation,30101020,,Food Distributors,6/30/1985,NULL
T,A T & T INC,100231,AT&T Inc.,50101020,,Integrated Telecommunication Services,6/15/1985,NULL
TAP,MOLSON COORS BEVERAGE CO,263765,Molson Coors Beverage Company,30201010,,Brewers,6/15/1985,NULL
TG,TREDEGAR CORP,189282,Tredegar Corporation,15101010,,Commodity Chemicals,12/1/2011,NULL
TGNA,TEGNA INC,20571,TEGNA Inc.,50201020,,Broadcasting,10/1/2018,NULL
THC,TENET HEALTHCARE CORP,107911,Tenet Healthcare Corporation,35102020,,Health Care Facilities,6/15/1985,NULL
TIF,TIFFANY & CO NEW,35576,Tiffany & Co.,25504040,,Specialty Stores,1/31/1987,1/7/2021
TSN,TYSON FOODS INC,190636,"Tyson Foods, Inc.",30202030,,Packaged Foods & Meats,4/1/2002,NULL
TSS,TOTAL SYSTEM SERVICES INC,969885,InnoTec TSS AG,20102010,,Building Products,11/26/1990,NULL
TT,TRANE TECHNOLOGIES PLC,280944,Trane Technologies plc,20102010,,Building Products,3/3/2020,NULL
TTI,TETRA TECHNOLOGIES INC,35290,"TETRA Technologies, Inc.",10101020,,Oil & Gas Equipment & Services,9/1/2000,NULL
TXN,TEXAS INSTRUMENTS INC,140283,Texas Instruments Incorporated,45301020,,Semiconductors,5/1/2003,NULL
UHS,UNIVERSAL HEALTH SERVICES INC,36040,"Universal Health Services, Inc.",35102020,,Health Care Facilities,12/31/1985,NULL
UNF,UNIFIRST CORP,309966,UniFirst Corporation,20201070,,Diversified Support Services,8/2/2010,NULL
UNP,UNION PACIFIC CORP,310078,Union Pacific Corporation,20304010,,Railroads,6/15/1985,NULL
UNT,UNIT CORP,216596631,Unimot S.A.,10102040,,Oil & Gas Storage & Transportation,6/27/2014,NULL
UVV,UNIVERSAL CORPORATION,191216,Universal Corporation,30203010,,Tobacco,7/1/1996,NULL
VAR,VARIAN MEDICAL SYSTEMS INC,4484118,Variscan Mines Limited,15104020,,Diversified Metals & Mining,5/31/2012,NULL
VFC,V F CORP,191328,V.F. Corporation,25203010,Consumer Discretionary,"Apparel, Accessories & Luxury Goods",6/15/1985,NULL
VMC,VULCAN MATERIALS CO,312769,Vulcan Materials Company,15102010,,Construction Materials,12/31/1985,NULL
VZ,VERIZON COMMUNICATIONS INC,415798,Verizon Communications Inc.,50101020,,Integrated Telecommunication Services,6/15/1985,NULL
WDFC,WD 40 CO,312452,WD-40 Company,30301010,,Household Products,9/4/2001,NULL
WGO,WINNEBAGO INDUSTRIES INC,314960,"Winnebago Industries, Inc.",25102010,,Automobile Manufacturers,8/31/1985,NULL
WHR,WHIRLPOOL CORP,314515,Whirlpool Corporation,25201040,,Household Appliances,6/15/1985,NULL
WMT,WALMART INC,313055,Walmart Inc.,30101040,,Hypermarkets & Super Centers,5/1/2003,NULL
WTS,WATTS WATER TECHNOLOGIES INC,313108,"Watts Water Technologies, Inc.",20106020,,Industrial Machinery,6/30/1986,NULL
WY,WEYERHAEUSER CO,107633,Weyerhaeuser Company,60101080,Real Estate,Specialized REITs,9/1/2016,NULL
XOM,EXXON MOBIL CORP,406338,Exxon Mobil Corporation,10102010,,Integrated Oil & Gas,6/15/1985,NULL
